item_id,selection_category,reference_answer,original_question,paraphrased_question,noise_corrected_drift,cue_disruption,question_content_recall,factual_score_delta,containment_rate_delta,output_length_delta_tokens,interpretation
factual_qa_3339,high_drift,2006,In which year did a toxic waste spill from a European ship prompt the Commission to look into legislation against waste?,When did a toxic waste spill from a European ship in Côte d'Ivoire lead to the Commission considering legislation against toxic waste?,0.368429,0.4545454545454546,0.6363636363636364,0.5162227307398932,0.0,-16.4,High fixed paraphrase drift; useful for inspecting output scope and wording changes.
factual_qa_8650,high_drift,2001,When was the Third Assessment Report published?,When was the Third Assessment Report released by the IPCC?,0.298569,0.0666666666666667,0.8,-0.1045751633986928,0.0,8.0,High fixed paraphrase drift; useful for inspecting output scope and wording changes.
factual_qa_1601,high_drift; cue_disruption; factual_score_drop,Switzerland and the Netherlands,What were the first two destinations of Huguenot emigres?,"Where did the initial group of Huguenots seek refuge after leaving France to escape persecution, and where did a contingent of Huguenots settle as part of a French colonization effort in 1555?",0.293422,1.0,0.0,-0.2963880118767337,0.0,33.4,High fixed paraphrase drift; useful for inspecting output scope and wording changes. High cue disruption; inspect WH/content cue or answer-type changes. Large token-F1 drop against reference; inspect whether answer is wrong or less compact.
factual_qa_5525,cue_disruption,the head of government would be acting in her or his capacity as public official,When would a person be considered to be excising a constitutional impasse?,In what scenario would an individual be viewed as causing a constitutional deadlock instead of engaging in civil disobedience?,0.198642,0.9166666666666666,0.1666666666666666,-0.0131884009519948,0.0,14.200000000000005,High cue disruption; inspect WH/content cue or answer-type changes.
factual_qa_6578,factual_score_drop,extension of the Florida East Coast Railway further south,What drew would-be Jacksonville tourists to other Florida destinations?,Why did potential tourists choose to visit other Florida locations instead of Jacksonville during the late 19th century?,0.179833,0.5,0.5,-0.2663482095778414,0.0,24.0,Large token-F1 drop against reference; inspect whether answer is wrong or less compact.
factual_qa_6819,output_length_increase,lower wages,What does less education lead to when working?,What are the implications of lower levels of education on employment outcomes?,0.137583,0.3,0.4,-0.1513660563298596,-0.4,154.2,Large paraphrase output-length increase; likely response-style or answer-scope expansion.
factual_qa_3095,output_length_increase,"by assuming the task of interpreting the treaties, and accelerating economic and political integration",How is the judicial branch of the EU an important factor in the development of EU law?,"How does the EU judicial branch contribute to the evolution of EU law through interpreting treaties and promoting economic and political integration, with the Court of Justice of the European Union (CJEU) as the primary judicial body overseeing the European Court of Justice (ECJ) for cases of public significance, the General Court for detailed matters, and the Civil Service Tribunal for EU staff issues?",0.024324,0.125,0.625,-0.0976462024655675,-0.6,187.6,Large paraphrase output-length increase; likely response-style or answer-scope expansion.
factual_qa_8989,low_drift,local-global principle,What principle highlights the significance of primes in number theory,What principle underscores the importance of primes in number theory?,-0.033245,0.1428571428571428,0.7142857142857143,0.0914285714285714,0.0,-1.6000000000000003,Low fixed paraphrase drift; useful contrast case where paraphrase remains behaviorally stable.
factual_qa_7699,low_drift,after 1279,When was Kublai's administration running out of money?,When did Kublai's government start facing financial difficulties?,-0.039146,0.2,0.4,0.0627372627372627,0.0,-4.6,Low fixed paraphrase drift; useful contrast case where paraphrase remains behaviorally stable.
