item_id,task_type,dataset_name,source_index,sample_id,model_name,temperature,top_p,max_output_tokens,prompt_text,output_text
factual_qa_11652,factual_qa,rajpurkar/squad_v2,11652,1,qwen-plus,0.7,0.9,,"Context: The notion ""force"" keeps its meaning in quantum mechanics, though one is now dealing with operators instead of classical variables and though the physics is now described by the Schrödinger equation instead of Newtonian equations. This has the consequence that the results of a measurement are now sometimes ""quantized"", i.e. they appear in discrete portions. This is, of course, difficult to imagine in the context of ""forces"". However, the potentials V(x,y,z) or fields, from which the forces generally can be derived, are treated similar to classical position variables, i.e., .

Question: What equation desribed the physics of force before the current Schrodinger equation?","The physics of force before the Schrödinger equation was described by **Newton’s second law of motion**, namely:

\[
\mathbf{F} = m\mathbf{a} = m\frac{d^2\mathbf{r}}{dt^2}
\]

or, more generally in terms of momentum:

\[
\mathbf{F} = \frac{d\mathbf{p}}{dt}, \quad \text{where } \mathbf{p} = m\mathbf{v}.
\]

When forces are derived from a potential energy \(V(\mathbf{r})\), this is combined with the relation \(\mathbf{F} = -\nabla V\), leading to the classical equations of motion (e.g., Newton’s equations or Hamilton’s/Lagrange’s equations). These deterministic, trajectory-based laws governed classical mechanics — the framework superseded (but not replaced) by quantum mechanics and the Schrödinger equation for microscopic systems."
factual_qa_8998,factual_qa,rajpurkar/squad_v2,8998,1,qwen-plus,0.7,0.9,,"Context: Prime numbers have influenced many artists and writers. The French composer Olivier Messiaen used prime numbers to create ametrical music through ""natural phenomena"". In works such as La Nativité du Seigneur (1935) and Quatre études de rythme (1949–50), he simultaneously employs motifs with lengths given by different prime numbers to create unpredictable rhythms: the primes 41, 43, 47 and 53 appear in the third étude, ""Neumes rythmiques"". According to Messiaen this way of composing was ""inspired by the movements of nature, movements of free and unequal durations"".

Question: In which etude of Neumes rythmiques do the primes 41, 43, 47 and 53 appear in?","The primes 41, 43, 47, and 53 appear in the **third étude**, titled **""Neumes rythmiques""**, of *Quatre études de rythme* (1949–50)."
